City_ID,City,Latitude,Longitude,Date,Max Temperature (C),Humidity,Cloudiness,Wind Speed (km/h)
0,Cape Town,-33.9258,18.4232,2021-03-18 07:57:32,22.22,82,20,6.69
1,Ushuaia,-54.8,-68.3,2021-03-18 07:53:49,10.0,71,40,3.43
2,Saint George,37.1041,-113.5841,2021-03-18 07:58:06,10.56,71,1,2.06
3,Hermanus,-34.4187,19.2345,2021-03-18 07:58:06,22.22,73,0,1.79
4,Clyde River,70.4692,-68.5914,2021-03-18 07:58:07,-30.0,76,1,3.6
5,Chokurdakh,70.6333,147.9167,2021-03-18 07:58:07,-30.55,92,100,6.49
6,Ponta do Sol,32.6667,-17.1,2021-03-18 07:58:07,13.89,66,0,1.34
7,Punta Arenas,-53.15,-70.9167,2021-03-18 07:53:35,9.0,71,0,8.23
8,Ushuaia,-54.8,-68.3,2021-03-18 07:53:49,10.0,71,40,3.43
9,Iqaluit,63.7506,-68.5145,2021-03-18 07:58:08,-28.89,69,20,3.6
10,Barrow,71.2906,-156.7887,2021-03-18 07:58:08,-21.0,77,1,4.63
11,Punta Arenas,-53.15,-70.9167,2021-03-18 07:53:35,9.0,71,0,8.23
12,Billings Metropolitan Area,45.7833,-108.5007,2021-03-18 07:58:08,1.0,60,1,2.57
13,East London,-33.0153,27.9116,2021-03-18 07:58:09,23.0,88,40,2.06
14,Lompoc,34.6391,-120.4579,2021-03-18 07:58:09,9.0,87,1,1.53
15,Mossamedes,-15.1961,12.1522,2021-03-18 07:58:09,22.0,83,40,3.09
16,Dikson,73.5069,80.5464,2021-03-18 07:58:09,-21.6,91,100,4.96
17,Beloha,-25.1667,45.05,2021-03-18 07:58:09,33.14,33,0,3.38
18,Punta Arenas,-53.15,-70.9167,2021-03-18 07:53:35,9.0,71,0,8.23
19,Senneterre,48.3835,-77.2328,2021-03-18 07:58:10,0.0,80,90,2.57
20,Egvekinot,66.3167,-179.1667,2021-03-18 07:58:10,-27.59,77,0,1.01
21,Ushuaia,-54.8,-68.3,2021-03-18 07:53:49,10.0,71,40,3.43
22,Ternate,0.8,127.4,2021-03-18 07:58:10,29.19,70,100,2.15
23,Warrnambool,-38.3833,142.4833,2021-03-18 07:58:11,18.41,72,0,5.88
24,Hithadhoo,-0.6,73.0833,2021-03-18 07:58:11,28.72,66,78,3.63
25,Laguna,38.421,-121.4238,2021-03-18 07:58:11,10.0,66,40,1.54
26,Saint-Philippe,-21.3585,55.7679,2021-03-18 07:58:11,29.0,65,0,10.29
27,Ushuaia,-54.8,-68.3,2021-03-18 07:53:49,10.0,71,40,3.43
28,Jamestown,42.097,-79.2353,2021-03-18 07:53:34,7.0,70,90,3.05
29,Kapaa,22.0752,-159.319,2021-03-18 07:58:12,21.0,78,40,9.77
30,Atuona,-9.8,-139.0333,2021-03-18 07:58:12,26.75,79,97,5.16
31,Ushuaia,-54.8,-68.3,2021-03-18 07:53:49,10.0,71,40,3.43
32,Cape Town,-33.9258,18.4232,2021-03-18 07:57:32,22.22,82,20,6.69
33,Luanda,-8.8368,13.2343,2021-03-18 07:56:24,28.0,78,40,2.57
34,Port Hawkesbury,45.6169,-61.3485,2021-03-18 07:58:14,-0.56,93,1,1.03
35,Nayāgarh,20.1333,85.1,2021-03-18 07:58:14,37.56,16,63,1.36
36,Hermanus,-34.4187,19.2345,2021-03-18 07:58:06,22.22,73,0,1.79
37,Culebra,18.303,-65.301,2021-03-18 07:58:15,24.0,64,75,5.14
38,Kota Tinggi,1.7381,103.8999,2021-03-18 07:58:15,35.0,83,75,7.2
39,Jamestown,42.097,-79.2353,2021-03-18 07:53:34,7.0,70,90,3.05
40,Rocha,-34.4833,-54.3333,2021-03-18 07:58:15,15.71,90,75,4.54
41,Nikolskoye,59.7035,30.7861,2021-03-18 07:58:15,-1.0,74,90,4.0
42,Arraial do Cabo,-22.9661,-42.0278,2021-03-18 07:58:16,24.16,89,70,7.98
43,Dayong,25.0209,118.2898,2021-03-18 07:58:16,22.0,73,0,5.0
44,Lebu,-37.6167,-73.65,2021-03-18 07:58:16,11.21,84,0,2.41
45,Leningradskiy,69.3833,178.4167,2021-03-18 07:58:16,-27.68,88,53,3.3
46,Vardø,70.3705,31.1107,2021-03-18 07:58:17,-4.0,93,75,10.29
47,Hermanus,-34.4187,19.2345,2021-03-18 07:58:06,22.22,73,0,1.79
48,Punta Arenas,-53.15,-70.9167,2021-03-18 07:53:35,9.0,71,0,8.23
49,Saskylakh,71.9167,114.0833,2021-03-18 07:58:17,-26.5,91,100,3.34
50,Vaini,-21.2,-175.2,2021-03-18 07:58:17,24.0,88,40,0.51
51,Ahipara,-35.1667,173.1667,2021-03-18 07:58:18,16.84,77,5,4.27
52,Ushuaia,-54.8,-68.3,2021-03-18 07:53:49,10.0,71,40,3.43
53,Puerto Escondido,15.85,-97.0667,2021-03-18 07:58:18,23.79,73,0,2.19
54,Tsimmerbude,54.675,20.1347,2021-03-18 07:58:19,1.67,80,75,4.0
55,Kamphaeng Phet,16.25,99.5,2021-03-18 07:58:19,38.14,28,36,4.49
56,Shelburne,44.0787,-80.2041,2021-03-18 07:58:19,1.11,91,100,3.1
57,Hermanus,-34.4187,19.2345,2021-03-18 07:58:06,22.22,73,0,1.79
58,Chui,-33.6971,-53.4616,2021-03-18 07:58:19,17.22,86,41,4.77
59,Tynda,55.1667,124.7167,2021-03-18 07:58:20,-4.89,80,99,2.63
60,Ushuaia,-54.8,-68.3,2021-03-18 07:53:49,10.0,71,40,3.43
61,Itarema,-2.9248,-39.9167,2021-03-18 07:58:20,24.42,88,79,1.96
62,Labuhan,-6.8844,112.2051,2021-03-18 07:58:21,29.46,72,100,3.72
63,Calafat,43.9911,22.9328,2021-03-18 07:58:21,5.0,65,100,7.85
64,Mataura,-46.1927,168.8643,2021-03-18 07:53:35,12.78,79,0,0.89
65,Jamestown,42.097,-79.2353,2021-03-18 07:53:34,7.0,70,90,3.05
66,Torbay,47.6666,-52.7314,2021-03-18 07:58:22,-6.11,86,90,2.57
67,Bazarnye Mataki,54.8833,49.9333,2021-03-18 07:58:22,-2.02,91,99,4.12
68,Kruisfontein,-34.0033,24.7314,2021-03-18 07:58:22,24.44,73,0,1.34
69,Boueni,-12.9025,45.0761,2021-03-18 07:58:22,32.0,66,20,2.57
70,Churapcha,62.0025,132.4325,2021-03-18 07:58:22,-12.27,89,100,3.67
71,Mount Gambier,-37.8333,140.7667,2021-03-18 07:58:23,25.0,44,0,7.2
72,Ushuaia,-54.8,-68.3,2021-03-18 07:53:49,10.0,71,40,3.43
73,Saint Paul Harbor,57.79,-152.4072,2021-03-18 07:58:23,2.0,51,90,6.17
74,Fairbanks,64.8378,-147.7164,2021-03-18 07:58:23,-12.0,56,75,3.6
75,Port Lincoln,-34.7333,135.8667,2021-03-18 07:58:24,23.02,60,0,4.88
76,Oranjemund,-28.55,16.4333,2021-03-18 07:58:24,18.56,74,2,3.52
77,Zhob,31.3411,69.4481,2021-03-18 07:58:24,23.28,13,97,3.52
78,Tuktoyaktuk,69.4541,-133.0374,2021-03-18 07:58:24,-25.44,93,83,1.64
79,Qaanaaq,77.484,-69.3632,2021-03-18 07:58:24,-27.01,87,8,1.27
80,Atuona,-9.8,-139.0333,2021-03-18 07:58:12,26.75,79,97,5.16
81,Severo-Kuril'sk,50.6789,156.125,2021-03-18 07:58:25,0.19,95,89,7.14
82,Ushuaia,-54.8,-68.3,2021-03-18 07:53:49,10.0,71,40,3.43
83,Torbay,47.6666,-52.7314,2021-03-18 07:58:22,-6.11,86,90,2.57
84,Fortuna,40.5982,-124.1573,2021-03-18 07:58:25,11.11,62,90,11.32
85,Torbay,47.6666,-52.7314,2021-03-18 07:58:22,-6.11,86,90,2.57
86,Faanui,-16.4833,-151.75,2021-03-18 07:58:26,27.99,74,0,4.71
87,Fort Frances,48.5999,-93.4003,2021-03-18 07:58:26,-1.0,59,1,2.57
88,Yellowknife,62.456,-114.3525,2021-03-18 07:58:26,-7.0,73,75,3.6
89,La Ronge,55.1001,-105.2842,2021-03-18 07:58:26,1.0,64,40,2.06
90,Lebu,-37.6167,-73.65,2021-03-18 07:58:16,11.21,84,0,2.41
91,Mossamedes,-15.1961,12.1522,2021-03-18 07:58:09,22.0,83,40,3.09
92,Thompson,55.7435,-97.8558,2021-03-18 07:58:27,-4.0,58,1,3.6
93,Pangnirtung,66.1451,-65.7125,2021-03-18 07:58:27,-29.0,76,0,0.52
94,Provideniya,64.3833,-173.3,2021-03-18 07:58:28,-21.99,83,0,2.91
95,Narasannapeta,18.4167,84.05,2021-03-18 07:58:28,33.36,38,86,6.3
96,Avarua,-21.2078,-159.775,2021-03-18 07:58:28,26.0,83,75,4.12
97,Rikitea,-23.1203,-134.9692,2021-03-18 07:58:28,24.02,86,100,7.19
98,Cidreira,-30.1811,-50.2056,2021-03-18 07:58:29,21.09,89,4,4.19
99,Mataura,-46.1927,168.8643,2021-03-18 07:53:35,12.78,79,0,0.89
100,Port Alfred,-33.5906,26.891,2021-03-18 07:58:29,23.97,80,78,7.58
101,Norman Wells,65.282,-126.8329,2021-03-18 07:58:29,-20.0,84,75,1.03
102,Uray,60.1247,64.7758,2021-03-18 07:58:29,-1.77,86,100,4.4
103,Hermanus,-34.4187,19.2345,2021-03-18 07:58:06,22.22,73,0,1.79
104,Waddān,29.1614,16.139,2021-03-18 07:58:30,14.86,54,99,7.18
105,Barrow,71.2906,-156.7887,2021-03-18 07:58:08,-21.0,77,1,4.63
106,Matamoros,25.5333,-103.25,2021-03-18 07:58:30,11.59,12,0,1.82
107,Barrow,71.2906,-156.7887,2021-03-18 07:58:08,-21.0,77,1,4.63
108,Kavaratti,10.5669,72.642,2021-03-18 07:58:31,28.47,66,74,1.64
109,Erenhot,43.6475,111.9767,2021-03-18 07:58:31,7.02,47,76,1.88
110,Chui,-33.6971,-53.4616,2021-03-18 07:58:19,17.22,86,41,4.77
111,Cape Town,-33.9258,18.4232,2021-03-18 07:57:32,22.22,82,20,6.69
112,Mataura,-46.1927,168.8643,2021-03-18 07:53:35,12.78,79,0,0.89
113,Seoul,37.5683,126.9778,2021-03-18 07:50:16,19.0,39,75,5.14
114,Miran Shah,33.0086,70.0697,2021-03-18 07:58:32,24.16,27,23,3.97
115,Vallenar,-28.5708,-70.7581,2021-03-18 07:58:32,12.99,88,0,1.51
116,Busselton,-33.65,115.3333,2021-03-18 07:58:32,30.56,57,0,2.24
117,Springdale,36.1867,-94.1288,2021-03-18 07:58:32,3.89,100,90,6.17
118,Tuktoyaktuk,69.4541,-133.0374,2021-03-18 07:58:24,-25.44,93,83,1.64
119,Punta Arenas,-53.15,-70.9167,2021-03-18 07:53:35,9.0,71,0,8.23
120,Puerto Ayora,-0.7393,-90.3518,2021-03-18 07:58:33,23.33,94,9,2.7
121,Cape Town,-33.9258,18.4232,2021-03-18 07:57:32,22.22,82,20,6.69
122,Khatanga,71.9667,102.5,2021-03-18 07:58:34,-29.42,88,4,1.82
123,Coquimbo,-29.9533,-71.3436,2021-03-18 07:58:34,13.0,88,0,1.54
124,Watsa,3.0372,29.5355,2021-03-18 07:58:34,24.59,66,100,1.93
125,Hilo,19.7297,-155.09,2021-03-18 07:58:35,21.0,78,90,2.06
126,Port Elizabeth,-33.918,25.5701,2021-03-18 07:58:35,22.0,88,75,4.12
127,Dikson,73.5069,80.5464,2021-03-18 07:58:09,-21.6,91,100,4.96
128,Bluff,-46.6,168.3333,2021-03-18 07:54:41,12.78,79,22,0.89
129,Bluff,-46.6,168.3333,2021-03-18 07:54:41,12.78,79,22,0.89
130,Hong Kong,22.2855,114.1577,2021-03-18 07:57:36,25.56,81,11,0.89
131,Saskylakh,71.9167,114.0833,2021-03-18 07:58:17,-26.5,91,100,3.34
132,Barrow,71.2906,-156.7887,2021-03-18 07:58:08,-21.0,77,1,4.63
133,Busselton,-33.65,115.3333,2021-03-18 07:58:32,30.56,57,0,2.24
134,Dakar,14.6937,-17.4441,2021-03-18 07:58:37,19.0,88,40,4.63
135,Nikšić,42.7731,18.9445,2021-03-18 07:58:37,10.0,29,0,2.57
136,Bethel,41.3712,-73.414,2021-03-18 07:58:37,7.0,70,90,2.06
137,Lebu,-37.6167,-73.65,2021-03-18 07:58:16,11.21,84,0,2.41
138,Kruisfontein,-34.0033,24.7314,2021-03-18 07:58:22,24.44,73,0,1.34
139,Tual,-5.6667,132.75,2021-03-18 07:58:38,29.2,69,66,3.96
140,Saldanha,-33.0117,17.9442,2021-03-18 07:58:38,16.0,76,90,5.14
141,Biltine,14.5333,20.9167,2021-03-18 07:58:38,34.43,14,42,7.15
142,Port Alfred,-33.5906,26.891,2021-03-18 07:58:29,23.97,80,78,7.58
143,Tessalit,20.1986,1.0114,2021-03-18 07:58:38,23.8,20,0,2.39
144,Yellowknife,62.456,-114.3525,2021-03-18 07:58:26,-7.0,73,75,3.6
145,São Filipe,14.8961,-24.4956,2021-03-18 07:58:39,21.63,75,0,2.89
146,Midrand,-25.9636,28.1378,2021-03-18 07:58:39,21.11,73,0,1.03
147,Vrangel',42.7297,133.0839,2021-03-18 07:58:39,4.35,46,0,5.58
148,Umm Kaddadah,13.6017,26.6876,2021-03-18 07:58:40,31.66,13,94,6.94
149,College,64.8569,-147.8028,2021-03-18 07:58:40,-12.0,56,75,3.6
150,Pevek,69.7008,170.3133,2021-03-18 07:58:40,-31.16,98,0,2.04
151,Carnarvon,-24.8667,113.6333,2021-03-18 07:58:40,32.0,58,0,8.23
152,Port Alfred,-33.5906,26.891,2021-03-18 07:58:29,23.97,80,78,7.58
153,Bluff,-46.6,168.3333,2021-03-18 07:54:41,12.78,79,22,0.89
154,Bambous Virieux,-20.3428,57.7575,2021-03-18 07:58:41,29.0,58,40,5.14
155,Ketchikan,55.3422,-131.6461,2021-03-18 07:58:41,2.0,100,90,1.43
156,Coxim,-18.5067,-54.76,2021-03-18 07:58:41,22.16,95,100,0.41
157,Lüderitz,-26.6481,15.1594,2021-03-18 07:58:41,19.59,66,0,3.74
158,Butaritari,3.0707,172.7902,2021-03-18 07:58:42,27.63,77,35,4.85
159,Busselton,-33.65,115.3333,2021-03-18 07:58:32,30.56,57,0,2.24
160,São Filipe,14.8961,-24.4956,2021-03-18 07:58:39,21.63,75,0,2.89
161,Nanortalik,60.1432,-45.2371,2021-03-18 07:58:42,-2.06,81,100,6.85
162,Selfoss,63.9331,-20.9971,2021-03-18 07:58:42,6.67,100,100,4.02
163,Hobart,-42.8794,147.3294,2021-03-18 07:58:43,20.0,56,20,6.17
164,Rikitea,-23.1203,-134.9692,2021-03-18 07:58:28,24.02,86,100,7.19
165,Christchurch,-43.5333,172.6333,2021-03-18 07:57:05,13.33,71,0,4.12
166,Rikitea,-23.1203,-134.9692,2021-03-18 07:58:28,24.02,86,100,7.19
167,Constitución,-35.3333,-72.4167,2021-03-18 07:58:43,11.14,89,7,0.84
168,Port Lincoln,-34.7333,135.8667,2021-03-18 07:58:24,23.02,60,0,4.88
169,Flinders,-34.5833,150.8552,2021-03-18 07:58:44,21.11,92,100,4.92
170,Ushuaia,-54.8,-68.3,2021-03-18 07:53:49,10.0,71,40,3.43
171,Mar del Plata,-38.0023,-57.5575,2021-03-18 07:58:44,14.44,71,90,2.06
172,New Norfolk,-42.7826,147.0587,2021-03-18 07:58:45,20.0,56,20,6.17
173,Ushuaia,-54.8,-68.3,2021-03-18 07:53:49,10.0,71,40,3.43
174,Manadhoo,5.7667,73.3833,2021-03-18 07:58:45,28.94,64,59,3.54
175,Upata,8.0086,-62.3989,2021-03-18 07:58:45,23.33,92,100,1.72
176,Zhob,31.3411,69.4481,2021-03-18 07:58:24,23.28,13,97,3.52
177,Castro,-24.7911,-50.0119,2021-03-18 07:58:46,16.3,98,90,1.12
178,Tessalit,20.1986,1.0114,2021-03-18 07:58:38,23.8,20,0,2.39
179,Te Anau,-45.4167,167.7167,2021-03-18 07:58:46,10.45,81,0,1.77
180,Busselton,-33.65,115.3333,2021-03-18 07:58:32,30.56,57,0,2.24
181,Ponta do Sol,32.6667,-17.1,2021-03-18 07:58:07,13.89,66,0,1.34
182,Manjacaze,-24.7117,33.8828,2021-03-18 07:58:47,30.61,55,0,2.0
183,Cherskiy,68.75,161.3,2021-03-18 07:58:47,-24.53,84,49,1.75
184,Atuona,-9.8,-139.0333,2021-03-18 07:58:12,26.75,79,97,5.16
185,Buraidah,26.326,43.975,2021-03-18 07:58:47,28.0,39,0,2.06
186,Gimli,50.6336,-96.9907,2021-03-18 07:58:48,-3.0,80,0,1.76
187,Vaini,-21.2,-175.2,2021-03-18 07:58:17,24.0,88,40,0.51
188,Hasaki,35.7333,140.8333,2021-03-18 07:55:49,16.11,54,20,5.14
189,Saposoa,-6.934,-76.7716,2021-03-18 07:58:49,21.13,95,89,0.51
190,Norman Wells,65.282,-126.8329,2021-03-18 07:58:29,-20.0,84,75,1.03
191,Bredasdorp,-34.5322,20.0403,2021-03-18 07:58:49,21.0,68,4,3.09
192,Bluff,-46.6,168.3333,2021-03-18 07:54:41,12.78,79,22,0.89
193,Naples,40.8333,14.25,2021-03-18 07:58:49,8.0,57,75,4.12
194,Havøysund,70.9963,24.6622,2021-03-18 07:58:50,-2.0,69,75,10.29
195,Korla,41.7597,86.1469,2021-03-18 07:58:50,7.92,36,100,5.01
196,Port Elizabeth,-33.918,25.5701,2021-03-18 07:58:35,22.0,88,75,4.12
197,Beisfjord,68.3751,17.5988,2021-03-18 07:58:51,-15.0,85,0,1.03
198,Savannah Bight,16.45,-85.85,2021-03-18 07:58:51,26.67,86,39,1.79
199,Hermanus,-34.4187,19.2345,2021-03-18 07:58:06,22.22,73,0,1.79
200,Hasaki,35.7333,140.8333,2021-03-18 07:55:49,16.11,54,20,5.14
201,Kanigoro,-8.13,112.219,2021-03-18 07:58:51,27.79,83,100,2.67
202,Albany,42.6001,-73.9662,2021-03-18 07:58:51,3.33,74,100,0.45
203,Hermanus,-34.4187,19.2345,2021-03-18 07:58:06,22.22,73,0,1.79
204,Tres Arroyos,-38.3739,-60.2798,2021-03-18 07:58:52,8.19,80,44,2.98
205,Busselton,-33.65,115.3333,2021-03-18 07:58:32,30.56,57,0,2.24
206,Busselton,-33.65,115.3333,2021-03-18 07:58:32,30.56,57,0,2.24
207,Albany,42.6001,-73.9662,2021-03-18 07:58:51,3.33,74,100,0.45
208,Bluff,-46.6,168.3333,2021-03-18 07:54:41,12.78,79,22,0.89
209,East London,-33.0153,27.9116,2021-03-18 07:58:09,23.0,88,40,2.06
210,Busselton,-33.65,115.3333,2021-03-18 07:58:32,30.56,57,0,2.24
211,Mataura,-46.1927,168.8643,2021-03-18 07:53:35,12.78,79,0,0.89
212,Atambua,-9.1061,124.8925,2021-03-18 07:58:54,26.98,69,32,1.06
213,Puerto Ayora,-0.7393,-90.3518,2021-03-18 07:58:33,23.33,94,9,2.7
214,Bredasdorp,-34.5322,20.0403,2021-03-18 07:58:49,21.0,68,4,3.09
215,Isangel,-19.55,169.2667,2021-03-18 07:58:54,25.66,84,4,6.88
216,Yellowknife,62.456,-114.3525,2021-03-18 07:58:26,-7.0,73,75,3.6
217,Tasiilaq,65.6145,-37.6368,2021-03-18 07:58:55,1.92,95,100,6.32
218,Kati,12.7441,-8.0726,2021-03-18 07:58:55,25.0,16,0,3.6
219,Ponta Delgada,37.7333,-25.6667,2021-03-18 07:58:55,14.0,77,75,2.57
220,Mataura,-46.1927,168.8643,2021-03-18 07:53:35,12.78,79,0,0.89
221,Okha,53.5739,142.9478,2021-03-18 07:58:55,-7.87,80,100,5.59
222,Torbay,47.6666,-52.7314,2021-03-18 07:58:22,-6.11,86,90,2.57
223,Chokurdakh,70.6333,147.9167,2021-03-18 07:58:07,-30.55,92,100,6.49
224,Cabra,37.4725,-4.4421,2021-03-18 07:58:56,8.0,71,0,3.09
225,Ushuaia,-54.8,-68.3,2021-03-18 07:53:49,10.0,71,40,3.43
226,Sola,-13.8833,167.55,2021-03-18 07:58:56,28.04,75,46,4.76
227,Hithadhoo,-0.6,73.0833,2021-03-18 07:58:11,28.72,66,78,3.63
228,Ushuaia,-54.8,-68.3,2021-03-18 07:53:49,10.0,71,40,3.43
229,Bambous Virieux,-20.3428,57.7575,2021-03-18 07:58:41,29.0,58,40,5.14
230,Oktyabr'skiy,54.4815,53.471,2021-03-18 07:58:57,-1.69,92,100,6.74
231,Busselton,-33.65,115.3333,2021-03-18 07:58:32,30.56,57,0,2.24
232,Cañon City,38.441,-105.2424,2021-03-18 07:58:58,-1.11,80,1,3.6
233,Asău,46.4333,26.4,2021-03-18 07:58:58,2.22,60,100,3.44
234,Harper,4.375,-7.7169,2021-03-18 07:58:58,25.77,87,100,2.2
235,Santo Augusto,-27.8508,-53.7772,2021-03-18 07:58:59,13.52,96,0,2.99
236,Lorengau,-2.0226,147.2712,2021-03-18 07:58:59,27.99,74,83,1.19
237,Kruisfontein,-34.0033,24.7314,2021-03-18 07:58:22,24.44,73,0,1.34
238,Vaini,-21.2,-175.2,2021-03-18 07:58:17,24.0,88,40,0.51
239,Tuy Hoa,13.0833,109.3,2021-03-18 07:58:33,27.51,73,57,4.64
240,Henties Bay,-22.116,14.2845,2021-03-18 07:58:59,17.78,84,4,2.24
241,Bluff,-46.6,168.3333,2021-03-18 07:54:41,12.78,79,22,0.89
242,Caucayá,-0.1934,-74.7819,2021-03-18 07:59:00,21.66,97,100,0.93
243,San Quintín,30.4833,-115.95,2021-03-18 07:59:00,12.45,84,0,3.72
244,Hilo,19.7297,-155.09,2021-03-18 07:58:35,21.0,78,90,2.06
245,Arraial do Cabo,-22.9661,-42.0278,2021-03-18 07:58:16,24.16,89,70,7.98
246,Saint Paul Harbor,57.79,-152.4072,2021-03-18 07:58:23,2.0,51,90,6.17
247,Krasnosel'kup,65.7,82.4667,2021-03-18 07:59:01,-20.8,91,100,4.07
248,Malakal,9.5334,31.6605,2021-03-18 07:59:01,33.01,38,62,4.52
249,Bredasdorp,-34.5322,20.0403,2021-03-18 07:58:49,21.0,68,4,3.09
250,Arraial do Cabo,-22.9661,-42.0278,2021-03-18 07:58:16,24.16,89,70,7.98
251,San Angelo,31.4638,-100.437,2021-03-18 07:59:02,6.67,70,1,4.1
252,Vaini,-21.2,-175.2,2021-03-18 07:58:17,24.0,88,40,0.51
253,Dikson,73.5069,80.5464,2021-03-18 07:58:09,-21.6,91,100,4.96
254,Upernavik,72.7868,-56.1549,2021-03-18 07:53:34,-21.87,96,100,5.69
255,Fairbanks,64.8378,-147.7164,2021-03-18 07:58:23,-12.0,56,75,3.6
256,Butaritari,3.0707,172.7902,2021-03-18 07:58:42,27.63,77,35,4.85
257,Ellsworth,44.5434,-68.4195,2021-03-18 07:59:03,2.78,93,1,3.09
258,Tuktoyaktuk,69.4541,-133.0374,2021-03-18 07:58:24,-25.44,93,83,1.64
259,Tura,25.5198,90.2201,2021-03-18 07:59:03,33.74,11,0,2.65
260,Lata,40.1629,-8.3327,2021-03-18 07:59:04,12.22,64,0,2.68
261,Kapaa,22.0752,-159.319,2021-03-18 07:58:12,21.0,78,40,9.77
262,Saint-Philippe,-21.3585,55.7679,2021-03-18 07:58:11,29.0,65,0,10.29
263,Avarua,-21.2078,-159.775,2021-03-18 07:58:28,26.0,83,75,4.12
264,Castro,-24.7911,-50.0119,2021-03-18 07:58:46,16.3,98,90,1.12
265,Iqaluit,63.7506,-68.5145,2021-03-18 07:58:08,-28.89,69,20,3.6
266,Hauterive,46.0901,3.4459,2021-03-18 07:59:05,4.0,81,90,3.6
267,North Bend,43.4065,-124.2243,2021-03-18 07:59:05,5.0,93,1,3.09
268,Dikson,73.5069,80.5464,2021-03-18 07:58:09,-21.6,91,100,4.96
269,Mar del Plata,-38.0023,-57.5575,2021-03-18 07:58:44,14.44,71,90,2.06
270,Alice Springs,-23.7,133.8833,2021-03-18 07:54:06,30.56,24,94,5.66
271,Mahon,39.8885,4.2658,2021-03-18 07:59:06,11.0,58,20,8.23
272,Hilo,19.7297,-155.09,2021-03-18 07:58:35,21.0,78,90,2.06
273,Geraldton,-28.7667,114.6,2021-03-18 07:57:44,32.0,37,0,7.72
274,Awjilah,29.1081,21.2869,2021-03-18 07:59:06,15.87,46,0,2.04
275,Tessalit,20.1986,1.0114,2021-03-18 07:58:38,23.8,20,0,2.39
276,Airai,-8.9266,125.4092,2021-03-18 07:59:07,19.85,86,89,0.43
277,Chapais,49.7834,-74.8492,2021-03-18 07:59:07,0.0,100,90,3.6
278,Ushuaia,-54.8,-68.3,2021-03-18 07:53:49,10.0,71,40,3.43
279,Sangar,63.9242,127.4739,2021-03-18 07:59:07,-23.94,92,27,3.96
280,Mataura,-46.1927,168.8643,2021-03-18 07:53:35,12.78,79,0,0.89
281,Ugoofaaru,5.6667,73.0,2021-03-18 07:59:08,28.58,65,69,3.37
282,Bundaberg,-24.85,152.35,2021-03-18 07:58:58,25.56,78,90,4.63
283,Manaus,-3.1019,-60.025,2021-03-18 07:59:08,22.0,94,75,1.54
284,Saskylakh,71.9167,114.0833,2021-03-18 07:58:17,-26.5,91,100,3.34
285,Lata,40.1629,-8.3327,2021-03-18 07:59:04,12.22,64,0,2.68
286,Portland,45.5234,-122.6762,2021-03-18 07:54:56,7.22,70,1,0.17
287,Japura,-0.3167,102.35,2021-03-18 07:59:09,31.37,61,100,1.82
288,Hay River,60.8156,-115.7999,2021-03-18 07:59:09,0.0,59,68,4.12
289,Rikitea,-23.1203,-134.9692,2021-03-18 07:58:28,24.02,86,100,7.19
290,Tasiilaq,65.6145,-37.6368,2021-03-18 07:58:55,1.92,95,100,6.32
291,Agirish,61.9247,63.0231,2021-03-18 07:59:10,-1.53,90,100,3.86
292,Lebu,-37.6167,-73.65,2021-03-18 07:58:16,11.21,84,0,2.41
293,Hermanus,-34.4187,19.2345,2021-03-18 07:58:06,22.22,73,0,1.79
294,Rikitea,-23.1203,-134.9692,2021-03-18 07:58:28,24.02,86,100,7.19
295,Cherskiy,68.75,161.3,2021-03-18 07:58:47,-24.53,84,49,1.75
296,Bluff,-46.6,168.3333,2021-03-18 07:54:41,12.78,79,22,0.89
297,Constitución,-35.3333,-72.4167,2021-03-18 07:58:43,11.14,89,7,0.84
298,Comodoro Rivadavia,-45.8667,-67.5,2021-03-18 07:59:12,11.0,58,0,1.54
299,Havelock,34.8791,-76.9013,2021-03-18 07:59:12,12.0,100,90,1.54
300,Kapaa,22.0752,-159.319,2021-03-18 07:58:12,21.0,78,40,9.77
301,Vila Franca do Campo,37.7167,-25.4333,2021-03-18 07:59:13,14.0,77,75,2.57
302,Forsytheganj,52.6333,29.7333,2021-03-18 07:59:13,1.15,93,98,4.3
303,Phan Thiet,10.9333,108.1,2021-03-18 07:59:13,29.27,63,0,6.32
304,San Rafael,-34.6177,-68.3301,2021-03-18 07:59:13,11.9,68,99,2.08
305,Bluff,-46.6,168.3333,2021-03-18 07:54:41,12.78,79,22,0.89
306,Ilulissat,69.2167,-51.1,2021-03-18 07:59:14,-10.0,79,75,4.12
307,Hermanus,-34.4187,19.2345,2021-03-18 07:58:06,22.22,73,0,1.79
308,Mafeteng,-29.823,27.2374,2021-03-18 07:59:15,20.69,47,0,4.17
309,Carnarvon,-24.8667,113.6333,2021-03-18 07:58:40,32.0,58,0,8.23
310,Syracuse,37.0881,15.2792,2021-03-18 07:59:15,10.56,93,75,2.57
311,Vallenar,-28.5708,-70.7581,2021-03-18 07:58:32,12.99,88,0,1.51
312,Canutama,-6.5339,-64.3831,2021-03-18 07:59:16,23.01,92,100,0.54
313,Rikitea,-23.1203,-134.9692,2021-03-18 07:58:28,24.02,86,100,7.19
314,Busselton,-33.65,115.3333,2021-03-18 07:58:32,30.56,57,0,2.24
315,Penzance,50.1186,-5.5371,2021-03-18 07:59:17,8.33,65,0,1.03
316,Lastoursville,-0.8143,12.7287,2021-03-18 07:59:17,28.41,66,51,0.68
317,Vaitape,-16.5167,-151.75,2021-03-18 07:59:17,27.98,74,0,4.73
318,Lavrentiya,65.5833,-171.0,2021-03-18 07:59:18,-24.75,81,14,3.22
319,Punta Arenas,-53.15,-70.9167,2021-03-18 07:53:35,9.0,71,0,8.23
320,Caravelas,-17.7125,-39.2481,2021-03-18 07:59:18,22.55,94,0,1.54
321,Aklavik,68.2191,-135.0107,2021-03-18 07:59:18,-23.0,77,12,3.09
322,Taltal,-25.4,-70.4833,2021-03-18 07:59:18,17.69,89,93,1.31
323,Ancud,-41.8697,-73.8203,2021-03-18 07:59:19,8.33,87,0,3.09
324,Port Elizabeth,-33.918,25.5701,2021-03-18 07:58:35,22.0,88,75,4.12
325,Atuona,-9.8,-139.0333,2021-03-18 07:58:12,26.75,79,97,5.16
326,Barrow,71.2906,-156.7887,2021-03-18 07:58:08,-21.0,77,1,4.63
327,Mataura,-46.1927,168.8643,2021-03-18 07:53:35,12.78,79,0,0.89
328,Rikitea,-23.1203,-134.9692,2021-03-18 07:58:28,24.02,86,100,7.19
329,Haines Junction,60.7522,-137.5108,2021-03-18 07:59:20,-10.0,85,99,0.51
330,Araouane,18.9048,-3.5265,2021-03-18 07:59:20,22.48,13,0,2.99
331,Rikitea,-23.1203,-134.9692,2021-03-18 07:58:28,24.02,86,100,7.19
332,Mahébourg,-20.4081,57.7,2021-03-18 07:59:21,29.0,58,40,5.14
333,Olafsvik,64.8945,-23.7142,2021-03-18 07:59:21,7.22,96,100,10.44
334,Ribeira Grande,38.5167,-28.7,2021-03-18 07:59:21,16.0,88,75,7.2
335,Tessalit,20.1986,1.0114,2021-03-18 07:58:38,23.8,20,0,2.39
336,Thompson,55.7435,-97.8558,2021-03-18 07:58:27,-4.0,58,1,3.6
337,Praia,14.9215,-23.5087,2021-03-18 07:59:22,20.0,45,0,5.14
338,Airai,-8.9266,125.4092,2021-03-18 07:59:07,19.85,86,89,0.43
339,Shimoda,34.6667,138.95,2021-03-18 07:54:38,15.0,67,75,1.54
340,Rikitea,-23.1203,-134.9692,2021-03-18 07:58:28,24.02,86,100,7.19
341,Saint Paul Harbor,57.79,-152.4072,2021-03-18 07:58:23,2.0,51,90,6.17
342,Hobart,-42.8794,147.3294,2021-03-18 07:58:43,20.0,56,20,6.17
343,Arraial do Cabo,-22.9661,-42.0278,2021-03-18 07:58:16,24.16,89,70,7.98
344,Norman Wells,65.282,-126.8329,2021-03-18 07:58:29,-20.0,84,75,1.03
345,Khatanga,71.9667,102.5,2021-03-18 07:58:34,-29.42,88,4,1.82
346,Port Blair,11.6667,92.75,2021-03-18 07:59:23,30.49,57,0,4.6
347,Butaritari,3.0707,172.7902,2021-03-18 07:58:42,27.63,77,35,4.85
348,Barrow,71.2906,-156.7887,2021-03-18 07:58:08,-21.0,77,1,4.63
349,Hilo,19.7297,-155.09,2021-03-18 07:58:35,21.0,78,90,2.06
350,Atuona,-9.8,-139.0333,2021-03-18 07:58:12,26.75,79,97,5.16
351,Bluff,-46.6,168.3333,2021-03-18 07:54:41,12.78,79,22,0.89
352,Lakes Entrance,-37.8811,147.981,2021-03-18 07:59:25,20.56,75,88,1.79
353,Busselton,-33.65,115.3333,2021-03-18 07:58:32,30.56,57,0,2.24
354,Tasiilaq,65.6145,-37.6368,2021-03-18 07:58:55,1.92,95,100,6.32
355,Tandaltī,13.0167,31.8667,2021-03-18 07:59:25,34.94,11,99,2.92
356,College,64.8569,-147.8028,2021-03-18 07:58:40,-12.0,56,75,3.6
357,Rikitea,-23.1203,-134.9692,2021-03-18 07:58:28,24.02,86,100,7.19
358,Busselton,-33.65,115.3333,2021-03-18 07:58:32,30.56,57,0,2.24
359,Sola,-13.8833,167.55,2021-03-18 07:58:56,28.04,75,46,4.76
360,Zemio,5.0314,25.1361,2021-03-18 07:59:26,25.89,69,100,2.6
361,Sinnamary,5.3833,-52.95,2021-03-18 07:59:26,24.29,82,49,3.96
362,Mweka,-4.85,21.5667,2021-03-18 07:59:27,28.09,63,100,0.49
363,East London,-33.0153,27.9116,2021-03-18 07:58:09,23.0,88,40,2.06
364,Butaritari,3.0707,172.7902,2021-03-18 07:58:42,27.63,77,35,4.85
365,Avarua,-21.2078,-159.775,2021-03-18 07:58:28,26.0,83,75,4.12
366,Kapaa,22.0752,-159.319,2021-03-18 07:58:12,21.0,78,40,9.77
367,Hobart,-42.8794,147.3294,2021-03-18 07:58:43,20.0,56,20,6.17
368,Hokitika,-42.7167,170.9667,2021-03-18 07:59:28,14.59,88,0,3.57
369,Kapaa,22.0752,-159.319,2021-03-18 07:58:12,21.0,78,40,9.77
370,Chui,-33.6971,-53.4616,2021-03-18 07:58:19,17.22,86,41,4.77
371,Chokurdakh,70.6333,147.9167,2021-03-18 07:58:07,-30.55,92,100,6.49
372,Pyapon,16.2833,95.6833,2021-03-18 07:59:29,36.99,26,23,4.68
373,Okha,53.5739,142.9478,2021-03-18 07:58:55,-7.87,80,100,5.59
374,Port Macquarie,-31.4333,152.9167,2021-03-18 07:59:29,19.0,100,90,0.51
375,Arraial do Cabo,-22.9661,-42.0278,2021-03-18 07:58:16,24.16,89,70,7.98
376,El Guamo,10.0316,-74.9761,2021-03-18 07:59:29,25.17,75,100,1.34
377,Hilo,19.7297,-155.09,2021-03-18 07:58:35,21.0,78,90,2.06
378,Thompson,55.7435,-97.8558,2021-03-18 07:58:27,-4.0,58,1,3.6
379,Ribeira Grande,38.5167,-28.7,2021-03-18 07:59:21,16.0,88,75,7.2
380,Aleksandrov Gay,50.147,48.5704,2021-03-18 07:59:30,-0.02,91,89,2.12
381,Pacific Grove,36.6177,-121.9166,2021-03-18 07:59:30,10.0,76,90,2.06
382,Hermanus,-34.4187,19.2345,2021-03-18 07:58:06,22.22,73,0,1.79
383,Hobart,-42.8794,147.3294,2021-03-18 07:58:43,20.0,56,20,6.17
384,Rikitea,-23.1203,-134.9692,2021-03-18 07:58:28,24.02,86,100,7.19
385,Mzimba,-11.9,33.6,2021-03-18 07:59:32,23.14,75,93,2.06
386,Nikolskoye,59.7035,30.7861,2021-03-18 07:58:15,-1.0,74,90,4.0
387,‘Ewa Beach,21.3156,-158.0072,2021-03-18 07:59:32,22.0,64,1,3.6
388,Rio Grande,-32.035,-52.0986,2021-03-18 07:59:32,19.28,84,25,6.4
389,Longyearbyen,78.2186,15.6401,2021-03-18 07:59:33,-13.0,61,75,7.72
390,Port Elizabeth,-33.918,25.5701,2021-03-18 07:58:35,22.0,88,75,4.12
391,Rikitea,-23.1203,-134.9692,2021-03-18 07:58:28,24.02,86,100,7.19
392,Albany,42.6001,-73.9662,2021-03-18 07:58:51,3.33,74,100,0.45
393,Chui,-33.6971,-53.4616,2021-03-18 07:58:19,17.22,86,41,4.77
394,Souillac,-20.5167,57.5167,2021-03-18 07:59:34,29.0,58,40,5.14
395,Bredasdorp,-34.5322,20.0403,2021-03-18 07:58:49,21.0,68,4,3.09
396,Saint-Augustin,51.226,-58.6502,2021-03-18 07:59:34,-13.16,81,98,1.52
397,Guilin,25.2819,110.2864,2021-03-18 07:59:35,28.0,57,40,7.0
398,Ushuaia,-54.8,-68.3,2021-03-18 07:53:49,10.0,71,40,3.43
399,Rikitea,-23.1203,-134.9692,2021-03-18 07:58:28,24.02,86,100,7.19
400,Brooks,50.5834,-111.8851,2021-03-18 07:59:35,1.0,75,7,4.12
401,Yilan,24.757,121.753,2021-03-18 07:59:35,26.67,99,29,2.89
402,Alice Springs,-23.7,133.8833,2021-03-18 07:54:06,30.56,24,94,5.66
403,Nikolskoye,59.7035,30.7861,2021-03-18 07:58:15,-1.0,74,90,4.0
404,Ushuaia,-54.8,-68.3,2021-03-18 07:53:49,10.0,71,40,3.43
405,Hithadhoo,-0.6,73.0833,2021-03-18 07:58:11,28.72,66,78,3.63
406,Boone,39.0334,-92.3335,2021-03-18 07:59:36,2.78,10,100,3.58
407,Cape Town,-33.9258,18.4232,2021-03-18 07:57:32,22.22,82,20,6.69
408,Rikitea,-23.1203,-134.9692,2021-03-18 07:58:28,24.02,86,100,7.19
409,Tautira,-17.7333,-149.15,2021-03-18 07:59:37,27.0,74,20,1.54
410,Buchanan,5.8808,-10.0467,2021-03-18 07:59:37,24.0,94,75,1.6
411,Padang,-0.9492,100.3543,2021-03-18 07:55:57,29.0,79,40,4.12
412,New Norfolk,-42.7826,147.0587,2021-03-18 07:58:45,20.0,56,20,6.17
413,Bethel,41.3712,-73.414,2021-03-18 07:58:37,7.0,70,90,2.06
414,Fort Myers Beach,26.452,-81.9481,2021-03-18 07:59:39,21.67,94,75,2.06
415,Saint-Philippe,-21.3585,55.7679,2021-03-18 07:58:11,29.0,65,0,10.29
416,Hobart,-42.8794,147.3294,2021-03-18 07:58:43,20.0,56,20,6.17
417,Charter Township of Clinton,42.587,-82.9199,2021-03-18 07:59:39,3.33,84,100,1.34
418,Ushuaia,-54.8,-68.3,2021-03-18 07:53:49,10.0,71,40,3.43
419,Hilo,19.7297,-155.09,2021-03-18 07:58:35,21.0,78,90,2.06
420,Nago,26.5881,127.9761,2021-03-18 07:59:40,24.0,69,75,3.6
421,Dikson,73.5069,80.5464,2021-03-18 07:58:09,-21.6,91,100,4.96
422,Yar-Sale,66.8333,70.8333,2021-03-18 07:59:40,-21.88,93,100,2.76
423,Busselton,-33.65,115.3333,2021-03-18 07:58:32,30.56,57,0,2.24
424,Punta Arenas,-53.15,-70.9167,2021-03-18 07:53:35,9.0,71,0,8.23
425,Kumul,42.8,93.45,2021-03-18 07:59:02,4.83,59,100,3.87
426,Tasiilaq,65.6145,-37.6368,2021-03-18 07:58:55,1.92,95,100,6.32
427,Longyearbyen,78.2186,15.6401,2021-03-18 07:59:33,-13.0,61,75,7.72
428,Shimoda,34.6667,138.95,2021-03-18 07:54:38,15.0,67,75,1.54
429,Jamestown,42.097,-79.2353,2021-03-18 07:53:34,7.0,70,90,3.05
430,Kaseda-shirakame,31.4167,130.3167,2021-03-18 07:59:42,20.0,64,40,5.14
431,Atuona,-9.8,-139.0333,2021-03-18 07:58:12,26.75,79,97,5.16
432,Avarua,-21.2078,-159.775,2021-03-18 07:58:28,26.0,83,75,4.12
433,Ushuaia,-54.8,-68.3,2021-03-18 07:53:49,10.0,71,40,3.43
434,Bayan,46.0833,127.4,2021-03-18 07:59:43,3.06,48,0,1.16
435,Busselton,-33.65,115.3333,2021-03-18 07:58:32,30.56,57,0,2.24
436,Rikitea,-23.1203,-134.9692,2021-03-18 07:58:28,24.02,86,100,7.19
437,Mandalay,21.9747,96.0836,2021-03-18 07:59:43,40.0,18,51,3.6
438,Kapaa,22.0752,-159.319,2021-03-18 07:58:12,21.0,78,40,9.77
439,Hermanus,-34.4187,19.2345,2021-03-18 07:58:06,22.22,73,0,1.79
440,Jamestown,42.097,-79.2353,2021-03-18 07:53:34,7.0,70,90,3.05
441,Punta Arenas,-53.15,-70.9167,2021-03-18 07:53:35,9.0,71,0,8.23
442,Constitución,-35.3333,-72.4167,2021-03-18 07:58:43,11.14,89,7,0.84
443,Rikitea,-23.1203,-134.9692,2021-03-18 07:58:28,24.02,86,100,7.19
444,Bambous Virieux,-20.3428,57.7575,2021-03-18 07:58:41,29.0,58,40,5.14
445,Hobart,-42.8794,147.3294,2021-03-18 07:58:43,20.0,56,20,6.17
446,Sorsk,54.0033,90.2467,2021-03-18 07:59:45,-4.64,72,99,3.5
447,Bluff,-46.6,168.3333,2021-03-18 07:54:41,12.78,79,22,0.89
448,Hermanus,-34.4187,19.2345,2021-03-18 07:58:06,22.22,73,0,1.79
449,Werneck,49.9833,10.1,2021-03-18 07:59:46,1.11,89,91,1.56
450,Rikitea,-23.1203,-134.9692,2021-03-18 07:58:28,24.02,86,100,7.19
451,Cairns,-16.9167,145.7667,2021-03-18 07:58:46,29.0,70,31,4.63
452,Mataura,-46.1927,168.8643,2021-03-18 07:53:35,12.78,79,0,0.89
453,Upernavik,72.7868,-56.1549,2021-03-18 07:53:34,-21.87,96,100,5.69
454,Kapaa,22.0752,-159.319,2021-03-18 07:58:12,21.0,78,40,9.77
455,Port Elizabeth,-33.918,25.5701,2021-03-18 07:58:35,22.0,88,75,4.12
456,São João da Barra,-21.6403,-41.0511,2021-03-18 07:59:48,23.16,88,22,4.94
457,Broome,42.2506,-75.833,2021-03-18 07:59:48,2.78,93,90,2.57
458,Udachny,66.4167,112.4,2021-03-18 07:59:48,-11.25,88,100,9.38
459,Shingū,33.7333,135.9833,2021-03-18 07:56:03,16.0,63,20,4.63
460,Saint-Philippe,-21.3585,55.7679,2021-03-18 07:58:11,29.0,65,0,10.29
461,Butaritari,3.0707,172.7902,2021-03-18 07:58:42,27.63,77,35,4.85
462,Punta Arenas,-53.15,-70.9167,2021-03-18 07:53:35,9.0,71,0,8.23
463,Vostok,46.4856,135.8833,2021-03-18 07:59:50,-3.85,89,99,2.91
464,Bariloche,-41.1456,-71.3082,2021-03-18 07:59:50,9.0,71,90,2.57
465,Panama City,8.9936,-79.5197,2021-03-18 07:59:50,26.0,89,90,2.57
466,Tysmenytsya,48.9022,24.8448,2021-03-18 07:59:50,1.0,86,75,4.0
467,Husavik,66.0449,-17.3389,2021-03-18 07:59:50,10.0,62,0,11.32
468,Barrow,71.2906,-156.7887,2021-03-18 07:58:08,-21.0,77,1,4.63
469,Punta Arenas,-53.15,-70.9167,2021-03-18 07:53:35,9.0,71,0,8.23
470,Rikitea,-23.1203,-134.9692,2021-03-18 07:58:28,24.02,86,100,7.19
471,Dikson,73.5069,80.5464,2021-03-18 07:58:09,-21.6,91,100,4.96
472,Contamana,-7.3333,-75.0167,2021-03-18 07:59:51,21.86,95,40,1.04
473,Broome,42.2506,-75.833,2021-03-18 07:59:48,2.78,93,90,2.57
474,San Vicente,-26.6167,-54.1333,2021-03-18 07:59:52,14.26,99,22,1.35
475,Ushuaia,-54.8,-68.3,2021-03-18 07:53:49,10.0,71,40,3.43
476,Rio Grande,-32.035,-52.0986,2021-03-18 07:59:32,19.28,84,25,6.4
477,Albany,42.6001,-73.9662,2021-03-18 07:58:51,3.33,74,100,0.45
478,Qaanaaq,77.484,-69.3632,2021-03-18 07:58:24,-27.01,87,8,1.27
479,Esperance,-33.8667,121.9,2021-03-18 07:59:53,33.0,22,0,7.2
480,Veshkayma,54.05,47.1333,2021-03-18 07:59:53,-2.52,95,100,2.0
481,Port Macquarie,-31.4333,152.9167,2021-03-18 07:59:29,19.0,100,90,0.51
482,East London,-33.0153,27.9116,2021-03-18 07:58:09,23.0,88,40,2.06
483,Storforshei,66.4043,14.5233,2021-03-18 07:59:54,-2.22,74,20,2.06
484,St-Jean-Port-Joli,47.2171,-70.2658,2021-03-18 07:59:54,5.0,48,100,4.63
485,Qaanaaq,77.484,-69.3632,2021-03-18 07:58:24,-27.01,87,8,1.27
486,Albany,42.6001,-73.9662,2021-03-18 07:58:51,3.33,74,100,0.45
487,Yellowknife,62.456,-114.3525,2021-03-18 07:58:26,-7.0,73,75,3.6
488,Blenheim,-41.516,173.9528,2021-03-18 07:59:55,11.67,72,59,1.5
489,Mataura,-46.1927,168.8643,2021-03-18 07:53:35,12.78,79,0,0.89
490,East London,-33.0153,27.9116,2021-03-18 07:58:09,23.0,88,40,2.06
491,Sitka,57.0531,-135.33,2021-03-18 07:59:56,3.0,65,90,2.57
492,Thompson,55.7435,-97.8558,2021-03-18 07:58:27,-4.0,58,1,3.6
493,Mahébourg,-20.4081,57.7,2021-03-18 07:59:21,29.0,58,40,5.14
494,Tuktoyaktuk,69.4541,-133.0374,2021-03-18 07:58:24,-25.44,93,83,1.64
495,Nikolskoye,59.7035,30.7861,2021-03-18 07:58:15,-1.0,74,90,4.0
496,Avarua,-21.2078,-159.775,2021-03-18 07:58:28,26.0,83,75,4.12
497,Avarua,-21.2078,-159.775,2021-03-18 07:58:28,26.0,83,75,4.12
498,Rikitea,-23.1203,-134.9692,2021-03-18 07:58:28,24.02,86,100,7.19
499,Hobart,-42.8794,147.3294,2021-03-18 07:58:43,20.0,56,20,6.17
500,Hervey Bay,-25.2986,152.8535,2021-03-18 07:59:57,24.44,87,92,1.34
501,Gibara,21.1097,-76.1317,2021-03-18 07:59:58,22.0,88,10,3.09
502,East London,-33.0153,27.9116,2021-03-18 07:58:09,23.0,88,40,2.06
503,Gobabis,-22.45,18.9667,2021-03-18 07:59:58,23.95,30,0,1.18
504,Marzuq,14.4,46.4667,2021-03-18 07:59:58,29.32,8,44,2.42
505,Punta Arenas,-53.15,-70.9167,2021-03-18 07:53:35,9.0,71,0,8.23
506,Lata,40.1629,-8.3327,2021-03-18 07:59:04,12.22,64,0,2.68
507,Simav,39.0882,28.9777,2021-03-18 07:59:59,1.0,100,75,2.06
508,Hong Kong,22.2855,114.1577,2021-03-18 07:57:36,25.56,81,11,0.89
509,Cangzhou,38.3167,116.8667,2021-03-18 07:55:58,9.48,30,81,5.63
510,Sibolga,1.7427,98.7792,2021-03-18 07:59:59,28.81,70,78,1.69
511,Cape Town,-33.9258,18.4232,2021-03-18 07:57:32,22.22,82,20,6.69
512,Bluff,-46.6,168.3333,2021-03-18 07:54:41,12.78,79,22,0.89
513,Uvalde,29.3669,-99.767,2021-03-18 08:00:00,13.33,43,1,4.12
514,Hobart,-42.8794,147.3294,2021-03-18 07:58:43,20.0,56,20,6.17
515,Hobart,-42.8794,147.3294,2021-03-18 07:58:43,20.0,56,20,6.17
516,Cuyo,10.8525,121.0086,2021-03-18 08:00:00,28.96,80,15,5.52
517,Conde,-7.2597,-34.9075,2021-03-18 08:00:01,24.0,100,40,1.54
518,Yellowknife,62.456,-114.3525,2021-03-18 07:58:26,-7.0,73,75,3.6
519,Port Elizabeth,-33.918,25.5701,2021-03-18 07:58:35,22.0,88,75,4.12
520,Erzin,36.9559,36.2,2021-03-18 08:00:01,16.11,66,66,4.02
521,Nikolskoye,59.7035,30.7861,2021-03-18 07:58:15,-1.0,74,90,4.0
522,Borba,-4.3878,-59.5939,2021-03-18 08:00:02,22.88,98,100,1.12
523,Mataura,-46.1927,168.8643,2021-03-18 07:53:35,12.78,79,0,0.89
524,Mar del Plata,-38.0023,-57.5575,2021-03-18 07:58:44,14.44,71,90,2.06
525,Kapaa,22.0752,-159.319,2021-03-18 07:58:12,21.0,78,40,9.77
526,Thompson,55.7435,-97.8558,2021-03-18 07:58:27,-4.0,58,1,3.6
527,Ushuaia,-54.8,-68.3,2021-03-18 07:53:49,10.0,71,40,3.43
528,Maunabo,18.0072,-65.8993,2021-03-18 08:00:03,22.22,84,13,5.05
529,Adrar,20.5022,-10.0711,2021-03-18 08:00:03,20.98,13,0,3.41
530,Puerto Ayora,-0.7393,-90.3518,2021-03-18 07:58:33,23.33,94,9,2.7
531,Visnes,59.3556,5.2242,2021-03-18 08:00:04,5.0,81,0,2.57
532,Mataura,-46.1927,168.8643,2021-03-18 07:53:35,12.78,79,0,0.89
533,Varhaug,58.6147,5.6457,2021-03-18 08:00:04,2.22,96,100,3.63
534,Arraial do Cabo,-22.9661,-42.0278,2021-03-18 07:58:16,24.16,89,70,7.98
535,Cap Malheureux,-19.9842,57.6142,2021-03-18 08:00:05,28.89,67,0,3.13
536,Mundgod,14.9667,75.0333,2021-03-18 08:00:05,36.61,15,0,3.31
537,Punta Arenas,-53.15,-70.9167,2021-03-18 07:53:35,9.0,71,0,8.23
538,Punta Arenas,-53.15,-70.9167,2021-03-18 07:53:35,9.0,71,0,8.23
539,Norman Wells,65.282,-126.8329,2021-03-18 07:58:29,-20.0,84,75,1.03
540,Neuquén,-38.9516,-68.0591,2021-03-18 08:00:06,12.0,66,0,2.57
541,Saint Paul Harbor,57.79,-152.4072,2021-03-18 07:58:23,2.0,51,90,6.17
542,Benguela,-12.5763,13.4055,2021-03-18 08:00:06,27.34,72,68,0.92
543,Kapaa,22.0752,-159.319,2021-03-18 07:58:12,21.0,78,40,9.77
544,Nālūt,30.3333,10.85,2021-03-18 08:00:06,14.36,43,97,8.39
545,Saint George,37.1041,-113.5841,2021-03-18 07:58:06,10.56,71,1,2.06
546,Tuktoyaktuk,69.4541,-133.0374,2021-03-18 07:58:24,-25.44,93,83,1.64
